{
  "bpm": 104.00001386666852,
  "subdiv": 8,
  "sec_per_sub": 0.2884615,
  "mean_shift_sec": 0.0012935539790750758,
  "stdev_shift_sec": 0.06815865680432745,
  "histogram": {
    "-0.0370": 4,
    "0.0553": 1,
    "-0.0496": 7,
    "0.0934": 5,
    "-0.0045": 1,
    "-0.0288": 6,
    "0.1175": 2,
    "-0.0397": 4,
    "0.0983": 2,
    "-0.0153": 1,
    "0.1235": 1,
    "-0.0484": 4,
    "0.1040": 1,
    "0.0006": 1,
    "0.0009": 1,
    "0.1349": 1,
    "-0.0060": 1,
    "0.1205": 1,
    "-0.0430": 5,
    "0.0877": 3,
    "-0.0195": 2,
    "-0.0183": 1,
    "-0.0391": 2,
    "0.0658": 2,
    "-0.0222": 3,
    "0.0003": 1,
    "0.1193": 3,
    "-0.0117": 1,
    "-0.1121": 1,
    "0.1118": 1,
    "0.0679": 1,
    "-0.0141": 1,
    "-0.0736": 1,
    "0.1046": 5,
    "-0.0024": 1,
    "0.1286": 3,
    "0.0141": 2,
    "-0.0565": 5,
    "0.1079": 3,
    "-0.0303": 1,
    "-0.0340": 4,
    "0.1022": 2,
    "-0.0312": 8,
    "0.0853": 3,
    "-0.0421": 6,
    "0.1007": 1,
    "-0.0249": 5,
    "0.1088": 4,
    "-0.0291": 2,
    "-0.0132": 1,
    "-0.0451": 8,
    "-0.0382": 2,
    "-0.0322": 4,
    "-0.0400": 2,
    "0.1127": 1,
    "-0.0442": 5,
    "-0.0439": 3,
    "0.0811": 2,
    "-0.0625": 5,
    "0.1373": 1,
    "0.1190": 1,
    "-0.0198": 3,
    "0.1151": 2,
    "-0.0364": 6,
    "-0.0252": 5,
    "0.0733": 2,
    "-0.0213": 3,
    "0.0727": 1,
    "-0.0147": 1,
    "-0.0502": 6,
    "-0.0460": 5,
    "-0.1046": 1,
    "-0.0285": 2,
    "0.0944": 3,
    "-0.0652": 1,
    "-0.0180": 1,
    "-0.0210": 1,
    "-0.0424": 9,
    "0.0358": 1,
    "-0.0346": 5,
    "-0.0279": 2,
    "-0.0075": 1,
    "-0.1034": 1,
    "-0.0258": 1,
    "0.1001": 3,
    "-0.1019": 1,
    "-0.0427": 6,
    "0.0186": 1,
    "-0.0433": 3,
    "-0.0532": 5,
    "0.0766": 2,
    "-0.0379": 8,
    "-0.0361": 5,
    "-0.0306": 3,
    "-0.0319": 2,
    "-0.0331": 3,
    "-0.0294": 4,
    "-0.0604": 2,
    "-0.0207": 1,
    "-0.0541": 3,
    "-0.1103": 1,
    "0.0688": 2,
    "-0.0941": 2,
    "-0.0673": 2,
    "0.1091": 4,
    "-0.0276": 2,
    "0.0424": 1,
    "-0.0406": 7,
    "-0.0505": 2,
    "0.0583": 3,
    "-0.0574": 5,
    "-0.0787": 2,
    "-0.0517": 2,
    "-0.0529": 1,
    "-0.0469": 7,
    "-0.0475": 7,
    "-0.0544": 3,
    "-0.0685": 1,
    "-0.0415": 4,
    "0.0989": 5,
    "0.0913": 3,
    "-0.0316": 3,
    "-0.0328": 4,
    "-0.0457": 4,
    "-0.0667": 3,
    "0.0628": 2,
    "-0.0325": 4,
    "-0.0418": 6,
    "-0.0499": 3,
    "0.1163": 2,
    "-0.1427": 2,
    "0.0571": 2,
    "-0.0643": 5,
    "-0.0553": 2,
    "0.0598": 2,
    "-0.0814": 2,
    "-0.1226": 1,
    "-0.0373": 5,
    "0.0916": 2,
    "0.1244": 1,
    "0.0454": 1,
    "0.0904": 2,
    "-0.0394": 2,
    "-0.0282": 1,
    "-0.0691": 2,
    "0.1010": 1,
    "0.0814": 2,
    "-0.0859": 1,
    "0.1220": 1,
    "0.0793": 2,
    "-0.0601": 3,
    "0.0856": 3,
    "0.0442": 2,
    "-0.0367": 6,
    "-0.0775": 1,
    "0.0886": 2,
    "-0.1124": 1,
    "0.1289": 1,
    "-0.0403": 4,
    "0.0868": 4,
    "-0.0490": 6,
    "-0.0535": 1,
    "0.0508": 1,
    "0.0910": 1,
    "-0.0559": 5,
    "0.0862": 1,
    "0.0968": 1,
    "-0.0493": 8,
    "0.0928": 1,
    "-0.0631": 1,
    "0.1388": 1,
    "0.0655": 3,
    "-0.0520": 2,
    "0.1055": 1,
    "0.0721": 1,
    "-0.0628": 5,
    "0.0931": 3,
    "-0.1403": 1,
    "-0.0388": 4,
    "0.0835": 3,
    "0.0995": 3,
    "-0.0337": 4,
    "0.1133": 2,
    "-0.0472": 5,
    "0.0865": 4,
    "-0.0853": 1,
    "0.1049": 2,
    "-0.0514": 4,
    "0.0847": 2,
    "-0.0355": 3,
    "0.1016": 1,
    "-0.0297": 1,
    "0.0829": 3,
    "-0.0445": 9,
    "0.0874": 1,
    "0.1295": 1,
    "0.0832": 1,
    "0.1322": 1,
    "0.1109": 1,
    "0.0859": 1,
    "0.0757": 5,
    "0.0953": 1,
    "0.1103": 1,
    "0.0535": 1,
    "-0.0670": 1,
    "0.0871": 2,
    "-0.0730": 1,
    "0.1094": 1,
    "-0.0586": 2,
    "0.0643": 2,
    "0.0980": 1,
    "-0.0463": 2,
    "0.0883": 3,
    "-0.0273": 1,
    "0.0820": 1,
    "0.1148": 1,
    "0.1073": 2,
    "0.0652": 2,
    "0.0808": 1,
    "-0.0448": 2,
    "-0.0968": 1,
    "0.0937": 2,
    "0.0823": 4,
    "0.0622": 2,
    "-0.0030": 1,
    "0.0736": 2,
    "-0.0607": 5,
    "-0.0508": 1,
    "-0.0237": 1,
    "-0.0523": 4,
    "0.0941": 3,
    "0.0751": 3,
    "-0.0267": 3,
    "0.0925": 1,
    "-0.0255": 1,
    "-0.0343": 4,
    "0.0544": 1,
    "-0.0547": 6,
    "0.0625": 2,
    "0.0730": 1,
    "0.0697": 2,
    "-0.0349": 3,
    "0.0838": 2,
    "0.0063": 1,
    "0.0850": 2,
    "0.0889": 2,
    "-0.0571": 2,
    "0.1034": 1,
    "0.1121": 1,
    "-0.1043": 1,
    "-0.0526": 4,
    "0.0922": 2,
    "-0.0580": 3,
    "0.0712": 1,
    "-0.0550": 2,
    "0.0649": 2,
    "-0.0724": 1,
    "0.1013": 4,
    "-0.0478": 3,
    "0.0895": 1,
    "-0.0300": 4,
    "0.1238": 1,
    "0.1004": 2,
    "0.1064": 1,
    "-0.0246": 2,
    "0.1259": 1,
    "0.0550": 1,
    "0.1070": 1,
    "-0.0174": 1,
    "-0.0610": 2,
    "0.0706": 1,
    "-0.0556": 3,
    "0.1403": 1,
    "0.0718": 2,
    "-0.0598": 6,
    "0.0505": 1,
    "-0.0436": 6,
    "-0.0820": 2,
    "0.0724": 1,
    "0.0538": 2,
    "0.1112": 1,
    "-0.0225": 1,
    "-0.1028": 1,
    "0.1145": 1,
    "-0.0664": 2,
    "0.1391": 1,
    "-0.0697": 1,
    "-0.0577": 2,
    "0.0219": 1,
    "-0.0487": 2,
    "0.0959": 1,
    "-0.0619": 1,
    "0.0619": 1,
    "-0.0977": 1,
    "0.0451": 1,
    "-0.0950": 1,
    "-0.0352": 1,
    "-0.0817": 1,
    "0.0631": 1,
    "0.0385": 1,
    "-0.0334": 2,
    "-0.0027": 1,
    "0.0580": 1,
    "-0.0454": 2,
    "-0.0748": 3,
    "0.0962": 1,
    "0.0805": 1,
    "-0.0412": 2,
    "-0.1424": 1,
    "-0.0595": 1,
    "0.0646": 1,
    "-0.0589": 2,
    "0.0772": 1,
    "-0.0481": 4,
    "0.0778": 1,
    "0.1343": 1,
    "0.0956": 1,
    "0.0577": 1,
    "-0.0718": 1,
    "-0.0358": 3,
    "0.1097": 2,
    "0.0670": 1,
    "-0.1082": 1,
    "0.0784": 1,
    "0.0604": 2,
    "-0.0709": 1,
    "0.0565": 2,
    "-0.0592": 1,
    "0.0370": 1,
    "-0.0769": 1,
    "-0.0165": 1,
    "0.0709": 2,
    "0.0559": 1,
    "0.0547": 1,
    "-0.0703": 1,
    "-0.0826": 1,
    "0.1115": 1,
    "-0.0694": 1,
    "-0.0637": 1,
    "-0.0376": 1,
    "0.0802": 2,
    "-0.0616": 2,
    "0.0637": 1,
    "-0.0802": 1,
    "-0.0409": 2,
    "-0.1109": 1,
    "0.0742": 2,
    "0.0436": 1,
    "0.0907": 1,
    "-0.0231": 2,
    "0.1379": 1,
    "0.0796": 1,
    "-0.0583": 1,
    "0.0898": 2,
    "-0.0385": 2,
    "0.0421": 1,
    "-0.0162": 1,
    "0.0694": 1,
    "-0.1340": 1,
    "0.1052": 1,
    "-0.0808": 2,
    "-0.0309": 3,
    "0.0781": 3,
    "0.1025": 1,
    "0.0790": 1,
    "-0.0676": 2,
    "0.0826": 1,
    "-0.1025": 1,
    "-0.0622": 2,
    "0.0986": 2,
    "0.0541": 1,
    "-0.0655": 1,
    "-0.0123": 1,
    "-0.0721": 1,
    "0.0562": 1,
    "-0.0995": 1,
    "0.0977": 3,
    "-0.0688": 1,
    "0.0844": 2,
    "-0.0466": 1,
    "0.0715": 1,
    "-0.0682": 1,
    "0.0745": 1,
    "0.1241": 1,
    "-0.0270": 1,
    "0.0433": 1,
    "0.0775": 2,
    "0.0754": 1,
    "-0.0168": 1,
    "-0.0511": 1,
    "0.0760": 1,
    "-0.1388": 1,
    "0.0892": 1,
    "0.1229": 1,
    "-0.0646": 1,
    "-0.0613": 1,
    "0.1130": 1,
    "0.1043": 1,
    "-0.0934": 1,
    "0.0748": 1,
    "0.0661": 1,
    "-0.0889": 1,
    "-0.0264": 1,
    "-0.0216": 1,
    "0.0841": 2,
    "0.1031": 1,
    "-0.0913": 1,
    "0.0769": 1,
    "-0.0781": 1
  }
}